,colsample_bytree,eta,eval_metric,gamma,lambda,max_depth,min_child_weight,objective,score,silent,subsample
0,0.55,0.008,auc,0.95,1.45,18.0,4.0,binary:logistic,0.707473636546,1,0.95
1,0.8,0.0019,auc,0.6,0.48,14.0,3.0,binary:logistic,0.710258128074,1,0.8
2,0.9,0.0088,auc,0.85,0.07,16.0,3.0,binary:logistic,0.707245986698,1,0.6
3,0.85,0.004,auc,0.65,0.17,23.0,2.0,binary:logistic,0.703207327064,1,0.65
4,0.9,0.0066,auc,0.6,0.91,16.0,6.0,binary:logistic,0.708184363625,1,0.7
5,0.7,0.0072,auc,0.85,1.28,9.0,2.0,binary:logistic,0.713382677973,1,0.85
6,0.85,0.0074,auc,0.85,0.37,13.0,5.0,binary:logistic,0.710687203149,1,0.8
7,0.95,0.0005,auc,0.7,0.27,13.0,2.0,binary:logistic,0.703376669458,1,0.5
8,0.65,0.0026,auc,0.6,0.13,14.0,6.0,binary:logistic,0.709502419253,1,0.55
9,0.7,0.0096,auc,0.65,0.52,9.0,1.0,binary:logistic,0.713204872695,1,0.7
10,0.85,0.0036,auc,0.7,0.2,17.0,3.0,binary:logistic,0.706855098538,1,0.8
11,0.6,0.0077,auc,0.5,0.91,24.0,6.0,binary:logistic,0.706553098118,1,0.8
12,0.8,0.0037,auc,0.7,0.3,22.0,4.0,binary:logistic,0.703484161622,1,0.85
13,0.65,0.0081,auc,0.7,1.32,21.0,5.0,binary:logistic,0.703994347411,1,1.0
14,0.8,0.0062,auc,0.8,0.74,23.0,4.0,binary:logistic,0.702853804438,1,0.9
15,0.5,0.0014,auc,1.0,0.15,11.0,5.0,binary:logistic,0.712784558336,1,0.65
16,0.95,0.0051,auc,0.75,1.47,12.0,3.0,binary:logistic,0.709956570536,1,0.5
17,0.55,0.0052,auc,0.55,0.13,16.0,2.0,binary:logistic,0.709000131901,1,0.55
18,0.75,0.0023,auc,0.8,0.88,21.0,5.0,binary:logistic,0.706163701302,1,0.7
19,0.7,0.0024,auc,0.55,0.22,16.0,5.0,binary:logistic,0.706628543454,1,0.85
20,0.7,0.0098,auc,0.9,1.17,8.0,1.0,binary:logistic,0.713171945536,1,0.75
21,0.7,0.0098,auc,0.95,0.57,9.0,1.0,binary:logistic,0.713506737851,1,0.9
22,0.65,0.0091,auc,1.0,1.2,10.0,1.0,binary:logistic,0.713056833128,1,0.95
23,0.75,0.0063,auc,0.95,0.64,9.0,2.0,binary:logistic,0.711501426444,1,1.0
24,0.6,0.0086,auc,0.9,1.11,8.0,1.0,binary:logistic,0.713641308067,1,0.9
25,0.6,0.0087,auc,0.95,1.05,11.0,1.0,binary:logistic,0.713036992968,1,0.95
26,0.5,0.0098,auc,0.9,0.7,8.0,1.0,binary:logistic,0.713789459069,1,0.9
27,0.5,0.01,auc,0.9,1.04,8.0,1.0,binary:logistic,0.71378430032,1,0.9
28,0.5,0.0092,auc,0.9,0.7,19.0,2.0,binary:logistic,0.705809924487,1,0.95
29,0.55,0.0082,auc,0.8,1.01,11.0,1.0,binary:logistic,0.712451552967,1,1.0
30,0.5,0.01,auc,1.0,0.82,19.0,2.0,binary:logistic,0.706307513131,1,0.9
31,0.55,0.0069,auc,0.9,1.34,14.0,3.0,binary:logistic,0.710875748964,1,0.75
32,0.5,0.0057,auc,0.75,0.41,10.0,1.0,binary:logistic,0.714350636434,1,0.85
33,0.55,0.0058,auc,0.75,0.42,10.0,3.0,binary:logistic,0.713759040556,1,0.85
34,0.6,0.0041,auc,0.85,0.63,14.0,2.0,binary:logistic,0.710692182894,1,0.75
35,1.0,0.0014,auc,0.8,0.05,12.0,2.0,binary:logistic,0.709744697317,1,0.95
36,0.55,0.0046,auc,0.65,0.42,15.0,1.0,binary:logistic,0.709238634015,1,0.8
37,0.5,0.003,auc,0.75,0.34,10.0,4.0,binary:logistic,0.714085489182,1,0.85
38,0.65,0.0032,auc,0.75,0.33,13.0,4.0,binary:logistic,0.711588429522,1,0.65
39,0.6,0.0008,auc,0.65,0.02,18.0,4.0,binary:logistic,0.705155532863,1,0.8
40,0.9,0.003,auc,0.65,0.53,12.0,3.0,binary:logistic,0.711361741263,1,0.7
41,0.55,0.0045,auc,0.6,0.45,10.0,4.0,binary:logistic,0.713730493791,1,0.85
42,0.8,0.0056,auc,0.7,0.36,15.0,6.0,binary:logistic,0.709445557896,1,0.6
43,0.5,0.0043,auc,0.75,0.81,25.0,4.0,binary:logistic,0.707310620496,1,0.8
44,0.6,0.0002,auc,0.8,0.24,13.0,5.0,binary:logistic,0.70378073165,1,0.85
45,0.65,0.0033,auc,0.85,0.08,17.0,4.0,binary:logistic,0.708344742721,1,0.75
46,1.0,0.0016,auc,0.7,0.29,15.0,6.0,binary:logistic,0.702929621601,1,1.0
47,0.85,0.0074,auc,0.55,0.49,10.0,5.0,binary:logistic,0.712041697211,1,0.65
48,0.75,0.0037,auc,0.85,0.59,11.0,3.0,binary:logistic,0.712378223678,1,0.7
49,0.95,0.0048,auc,0.5,0.39,9.0,5.0,binary:logistic,0.712607585618,1,0.8
50,0.65,0.001,auc,0.6,0.17,12.0,3.0,binary:logistic,0.70890263341,1,0.85
51,0.5,0.0021,auc,0.7,0.96,20.0,4.0,binary:logistic,0.707766516583,1,0.75
52,0.9,0.0028,auc,0.65,0.26,13.0,3.0,binary:logistic,0.710804824413,1,0.8
53,0.7,0.0066,auc,0.75,0.11,9.0,6.0,binary:logistic,0.712129200723,1,0.6
54,0.8,0.0055,auc,0.8,0.52,17.0,4.0,binary:logistic,0.70708493373,1,0.9
55,0.55,0.0061,auc,0.6,0.83,18.0,5.0,binary:logistic,0.707716508168,1,0.95
56,0.55,0.0038,auc,0.7,0.21,11.0,3.0,binary:logistic,0.713715810857,1,0.85
57,0.6,0.0018,auc,0.85,0.74,14.0,5.0,binary:logistic,0.707591594793,1,1.0
58,0.7,0.0069,auc,0.75,0.65,16.0,4.0,binary:logistic,0.707816993303,1,0.95
59,0.5,0.0025,auc,0.8,0.57,22.0,6.0,binary:logistic,0.708570172905,1,0.7
60,0.85,0.0048,auc,0.55,0.31,12.0,2.0,binary:logistic,0.711595412253,1,0.9
61,0.6,0.0053,auc,0.7,0.02,8.0,3.0,binary:logistic,0.71370732771,1,0.85
62,0.5,0.0059,auc,0.65,0.36,10.0,5.0,binary:logistic,0.712770064402,1,0.6
63,0.65,0.0079,auc,0.8,0.47,15.0,2.0,binary:logistic,0.709261280207,1,0.8
64,0.65,0.0041,auc,0.95,1.4,9.0,4.0,binary:logistic,0.712995517087,1,0.7
65,0.5,0.0094,auc,1.0,0.71,8.0,1.0,binary:logistic,0.713894524723,1,0.9
66,0.55,0.009,auc,1.0,0.69,9.0,1.0,binary:logistic,0.713905469409,1,0.95
67,0.55,0.0088,auc,0.95,0.89,11.0,1.0,binary:logistic,0.71245669187,1,1.0
68,0.5,0.0075,auc,0.85,0.43,10.0,2.0,binary:logistic,0.71371399534,1,0.95
69,0.55,0.0034,auc,0.5,0.79,9.0,1.0,binary:logistic,0.714078853113,1,0.95
70,0.6,0.0034,auc,0.75,0.94,8.0,1.0,binary:logistic,0.713812731336,1,0.9
71,0.5,0.002,auc,0.7,1.18,11.0,2.0,binary:logistic,0.713638957532,1,0.85
72,0.55,0.0002,auc,0.75,1.13,10.0,1.0,binary:logistic,0.699610495601,1,1.0
73,0.6,0.0028,auc,0.65,0.85,13.0,2.0,binary:logistic,0.711795052819,1,0.95
74,0.5,0.005,auc,0.6,0.78,13.0,3.0,binary:logistic,0.712310326639,1,0.9
75,0.55,0.0011,auc,0.85,0.6,12.0,2.0,binary:logistic,0.709661619593,1,0.8
76,0.75,0.0065,auc,0.55,0.18,8.0,4.0,binary:logistic,0.713255973882,1,0.85
77,0.8,0.0044,auc,0.8,1.26,14.0,1.0,binary:logistic,0.709520482419,1,0.75
78,0.7,0.0022,auc,0.7,0.51,9.0,3.0,binary:logistic,0.711587857993,1,1.0
79,0.5,0.0039,auc,0.75,0.98,11.0,1.0,binary:logistic,0.713631430842,1,0.8
80,0.55,0.007,auc,0.5,0.66,25.0,4.0,binary:logistic,0.705258544957,1,0.9
81,0.65,0.0084,auc,0.8,0.56,10.0,2.0,binary:logistic,0.71326564139,1,0.95
82,0.6,0.0031,auc,0.9,0.77,12.0,3.0,binary:logistic,0.712839886289,1,0.85
83,0.5,0.0028,auc,0.6,0.39,9.0,4.0,binary:logistic,0.7138421234,1,0.75
84,0.55,0.0036,auc,0.65,1.06,16.0,5.0,binary:logistic,0.708321101044,1,0.9
85,0.6,0.0047,auc,0.7,0.1,14.0,4.0,binary:logistic,0.71119203378,1,0.85
86,0.65,0.0007,auc,0.5,0.33,23.0,1.0,binary:logistic,0.697019666462,1,1.0
87,0.5,0.0054,auc,0.75,0.27,8.0,2.0,binary:logistic,0.713777658027,1,0.8
88,0.7,0.0051,auc,0.8,0.62,9.0,5.0,binary:logistic,0.7131751618,1,0.95
89,0.55,0.0034,auc,0.9,0.46,20.0,3.0,binary:logistic,0.705835289662,1,0.9
90,0.6,0.0059,auc,0.7,0.14,13.0,1.0,binary:logistic,0.711495814721,1,0.8
91,0.75,0.0016,auc,0.55,0.86,10.0,2.0,binary:logistic,0.712208549799,1,0.95
92,0.95,0.0064,auc,0.65,0.05,15.0,6.0,binary:logistic,0.708868293035,1,0.85
93,0.55,0.0043,auc,0.75,0.74,11.0,3.0,binary:logistic,0.713298160513,1,0.9
94,1.0,0.0056,auc,0.85,0.54,19.0,4.0,binary:logistic,0.705756742656,1,0.65
95,0.85,0.0024,auc,0.6,0.23,12.0,1.0,binary:logistic,0.711799133655,1,0.75
96,0.5,0.0041,auc,0.8,0.79,8.0,2.0,binary:logistic,0.712468961353,1,1.0
97,0.65,0.0067,auc,0.85,0.49,14.0,5.0,binary:logistic,0.710821519376,1,0.85
98,0.6,0.0018,auc,0.7,0.67,9.0,4.0,binary:logistic,0.712865202111,1,0.8
99,0.9,0.0061,auc,0.75,0.92,12.0,1.0,binary:logistic,0.710218287769,1,0.55
100,0.55,0.0026,auc,0.65,0.39,17.0,5.0,binary:logistic,0.707913709934,1,0.95
101,0.5,0.0035,auc,0.55,1.09,11.0,2.0,binary:logistic,0.713301992797,1,0.7
102,0.5,0.0057,auc,0.85,1.0,10.0,3.0,binary:logistic,0.713849717939,1,0.9
103,0.55,0.0012,auc,0.8,0.33,13.0,6.0,binary:logistic,0.708033138277,1,0.85
104,0.6,0.0049,auc,0.7,1.25,10.0,1.0,binary:logistic,0.713583935832,1,0.8
105,0.7,0.0004,auc,0.5,0.18,18.0,4.0,binary:logistic,0.702320410772,1,0.95
106,0.5,0.003,auc,0.75,0.44,8.0,3.0,binary:logistic,0.710616372598,1,0.9
107,0.65,0.0052,auc,0.6,0.72,15.0,1.0,binary:logistic,0.708900687065,1,0.75
108,0.55,0.0046,auc,0.65,0.3,11.0,4.0,binary:logistic,0.712036477328,1,0.5
109,0.75,0.0027,auc,0.9,1.43,16.0,2.0,binary:logistic,0.70810909134,1,0.85
110,0.6,0.0077,auc,0.8,0.25,13.0,5.0,binary:logistic,0.710761155473,1,1.0
111,0.8,0.0072,auc,0.75,0.6,24.0,4.0,binary:logistic,0.703595522757,1,0.75
112,0.5,0.0032,auc,0.7,0.55,9.0,1.0,binary:logistic,0.713827408696,1,0.7
113,0.65,0.0016,auc,0.65,0.89,21.0,3.0,binary:logistic,0.704128052456,1,0.9
114,0.55,0.0039,auc,0.8,1.34,12.0,2.0,binary:logistic,0.712932175943,1,0.85
115,0.5,0.0043,auc,0.7,0.49,8.0,1.0,binary:logistic,0.710731506226,1,0.95
116,0.85,0.0022,auc,0.85,0.35,10.0,6.0,binary:logistic,0.707463885385,1,1.0
117,0.6,0.003,auc,0.75,0.63,14.0,5.0,binary:logistic,0.711021366641,1,0.65
118,0.5,0.0008,auc,0.6,0.42,22.0,3.0,binary:logistic,0.705347932607,1,0.85
119,0.95,0.0036,auc,0.95,0.21,12.0,4.0,binary:logistic,0.711523357409,1,0.8
120,0.7,0.0041,auc,0.7,0.81,11.0,2.0,binary:logistic,0.712898074571,1,0.9
121,0.55,0.0063,auc,0.8,0.09,9.0,4.0,binary:logistic,0.713700399976,1,0.8
122,0.65,0.0014,auc,0.75,1.14,24.0,3.0,binary:logistic,0.703056620573,1,0.95
123,0.55,0.0083,auc,0.9,1.02,17.0,1.0,binary:logistic,0.705637351492,1,1.0
124,0.6,0.0045,auc,0.65,0.68,9.0,1.0,binary:logistic,0.713959310155,1,0.9
125,0.5,0.006,auc,0.55,0.58,13.0,5.0,binary:logistic,0.712038433159,1,0.75
126,0.6,0.0019,auc,0.85,0.96,10.0,2.0,binary:logistic,0.713462775819,1,0.85
127,0.8,0.0054,auc,0.6,0.02,8.0,4.0,binary:logistic,0.712571253651,1,0.95
128,0.75,0.008,auc,0.8,0.14,11.0,3.0,binary:logistic,0.712546843313,1,0.8
129,0.7,0.0038,auc,0.75,1.22,12.0,1.0,binary:logistic,0.712156263615,1,0.85
130,0.9,0.005,auc,0.7,0.39,15.0,2.0,binary:logistic,0.708285445285,1,0.75
131,0.5,0.0068,auc,0.65,0.05,18.0,6.0,binary:logistic,0.708437510561,1,0.9
132,0.55,0.0023,auc,0.55,0.28,14.0,5.0,binary:logistic,0.710173561251,1,0.95
133,0.5,0.0071,auc,0.85,0.85,9.0,2.0,binary:logistic,0.712541018373,1,0.55
134,0.6,0.0033,auc,0.5,0.74,10.0,3.0,binary:logistic,0.712572270146,1,1.0
135,0.65,0.0048,auc,0.9,0.47,15.0,1.0,binary:logistic,0.708806185454,1,0.7
136,0.55,0.0004,auc,0.75,0.53,8.0,4.0,binary:logistic,0.695525358673,1,0.85
137,0.5,0.0025,auc,0.8,1.3,11.0,4.0,binary:logistic,0.713550134205,1,0.8
138,0.6,0.0058,auc,0.7,0.92,13.0,5.0,binary:logistic,0.711797826413,1,0.9
139,0.55,0.0052,auc,0.65,1.07,16.0,1.0,binary:logistic,0.707295685336,1,0.95
140,0.65,0.0029,auc,0.6,0.65,19.0,3.0,binary:logistic,0.702897862032,1,1.0
141,0.5,0.0042,auc,0.75,0.17,10.0,2.0,binary:logistic,0.714050086645,1,0.8
142,0.55,0.0037,auc,1.0,0.32,8.0,1.0,binary:logistic,0.71396446263,1,0.85
143,0.5,0.0076,auc,0.7,0.76,20.0,3.0,binary:logistic,0.707598850738,1,0.6
144,0.7,0.0006,auc,0.95,0.5,11.0,4.0,binary:logistic,0.704805916424,1,0.9
145,0.5,0.004,auc,0.75,0.11,9.0,1.0,binary:logistic,0.714254971141,1,0.8
146,0.55,0.0039,auc,0.8,0.13,9.0,1.0,binary:logistic,0.714093282119,1,0.75
147,0.55,0.0046,auc,0.8,0.12,9.0,1.0,binary:logistic,0.713628104472,1,0.7
148,0.5,0.0056,auc,0.85,0.08,10.0,1.0,binary:logistic,0.714163277194,1,0.75
149,0.5,0.0073,auc,0.85,0.01,12.0,1.0,binary:logistic,0.712709746095,1,0.75
150,0.5,0.0062,auc,0.85,0.06,8.0,1.0,binary:logistic,0.713436993399,1,0.65
151,0.55,0.0065,auc,0.9,0.2,10.0,1.0,binary:logistic,0.713324920178,1,0.7
152,0.5,0.0056,auc,0.85,0.07,9.0,1.0,binary:logistic,0.714170948511,1,0.75
153,0.5,0.0057,auc,0.9,0.24,9.0,1.0,binary:logistic,0.71383075282,1,0.7
154,0.5,0.0055,auc,1.0,0.09,8.0,1.0,binary:logistic,0.713442306742,1,0.65
155,0.6,0.0067,auc,0.95,0.01,10.0,2.0,binary:logistic,0.713569559315,1,0.75
156,1.0,0.0085,auc,0.95,0.07,11.0,1.0,binary:logistic,0.711649702125,1,0.75
157,0.55,0.0059,auc,0.85,0.16,11.0,1.0,binary:logistic,0.713108855597,1,0.7
158,0.5,0.0063,auc,0.9,0.27,12.0,2.0,binary:logistic,0.712961009165,1,0.8
159,0.5,0.0069,auc,0.95,0.04,8.0,1.0,binary:logistic,0.713328191232,1,0.65
160,0.6,0.0052,auc,0.85,0.2,10.0,2.0,binary:logistic,0.713424507253,1,0.7
161,0.55,0.0049,auc,0.9,0.11,13.0,1.0,binary:logistic,0.711979946667,1,0.75
162,0.5,0.0079,auc,0.8,0.38,9.0,2.0,binary:logistic,0.713852653318,1,0.8
163,0.55,0.0055,auc,0.85,0.3,14.0,1.0,binary:logistic,0.71056281907,1,0.6
164,0.5,0.0044,auc,0.8,0.15,12.0,1.0,binary:logistic,0.71311440431,1,0.75
165,0.6,0.0061,auc,0.85,0.23,8.0,2.0,binary:logistic,0.713856468842,1,0.8
166,0.55,0.0065,auc,0.9,0.03,9.0,1.0,binary:logistic,0.71357640995,1,0.7
167,0.85,0.0053,auc,0.75,0.36,11.0,1.0,binary:logistic,0.712210421122,1,0.75
168,0.55,0.0047,auc,0.9,0.19,10.0,2.0,binary:logistic,0.713858490472,1,0.8
169,0.5,0.0074,auc,0.8,0.42,8.0,1.0,binary:logistic,0.713236381038,1,0.65
170,0.6,0.0071,auc,0.85,0.1,11.0,2.0,binary:logistic,0.713053377508,1,0.8
171,0.5,0.005,auc,1.0,0.29,13.0,1.0,binary:logistic,0.712005721852,1,0.7
172,0.6,0.0077,auc,0.75,0.07,9.0,1.0,binary:logistic,0.713198189633,1,0.65
173,0.55,0.006,auc,0.85,0.25,10.0,2.0,binary:logistic,0.713540861971,1,0.75
174,0.5,0.0057,auc,0.8,0.14,12.0,1.0,binary:logistic,0.712808896721,1,0.7
175,0.65,0.004,auc,0.95,0.22,8.0,2.0,binary:logistic,0.713748597,1,0.8
176,0.5,0.0067,auc,0.75,0.01,14.0,1.0,binary:logistic,0.710534314878,1,0.75
177,0.55,0.0089,auc,0.8,0.34,9.0,2.0,binary:logistic,0.713857524994,1,0.8
178,0.75,0.0045,auc,0.9,0.16,10.0,1.0,binary:logistic,0.712421417971,1,0.55
179,0.6,0.0092,auc,0.7,0.41,11.0,1.0,binary:logistic,0.713043001271,1,0.85
180,0.95,0.0063,auc,0.85,0.46,23.0,2.0,binary:logistic,0.700744642675,1,0.85
181,0.5,0.0043,auc,0.75,0.09,11.0,1.0,binary:logistic,0.713924827379,1,0.75
182,0.9,0.0054,auc,0.8,0.27,12.0,2.0,binary:logistic,0.711540616047,1,0.7
183,0.55,0.0051,auc,0.95,0.19,13.0,1.0,binary:logistic,0.71180818402,1,0.75
184,0.55,0.0047,auc,0.75,0.32,9.0,1.0,binary:logistic,0.713942966416,1,0.8
185,0.65,0.0032,auc,0.7,0.05,8.0,2.0,binary:logistic,0.712914119127,1,0.6
186,0.5,0.0035,auc,0.85,0.25,10.0,1.0,binary:logistic,0.714493246103,1,0.85
187,0.6,0.0036,auc,0.9,0.37,12.0,1.0,binary:logistic,0.713007026956,1,0.85
188,0.8,0.0026,auc,0.8,0.12,8.0,2.0,binary:logistic,0.713040369391,1,0.85
189,0.65,0.0034,auc,0.8,0.24,16.0,1.0,binary:logistic,0.707521110521,1,0.9
190,0.5,0.002,auc,0.75,0.29,9.0,1.0,binary:logistic,0.713883282198,1,0.85
191,0.55,0.004,auc,1.0,0.52,10.0,1.0,binary:logistic,0.71423613896,1,0.85
192,0.55,0.0029,auc,1.0,0.56,15.0,2.0,binary:logistic,0.709060846173,1,0.9
193,0.7,0.004,auc,1.0,0.59,17.0,1.0,binary:logistic,0.704478591677,1,0.9
194,0.55,0.0024,auc,0.65,0.51,14.0,2.0,binary:logistic,0.710749294078,1,0.85
195,0.6,0.001,auc,0.7,0.61,13.0,1.0,binary:logistic,0.708984598268,1,0.85
196,0.5,0.0038,auc,0.65,0.47,12.0,1.0,binary:logistic,0.71334027686,1,0.9
197,0.75,0.0032,auc,1.0,0.53,11.0,2.0,binary:logistic,0.712993268252,1,0.85
198,0.65,0.0027,auc,0.95,0.44,10.0,1.0,binary:logistic,0.713672151651,1,0.8
199,0.85,0.0042,auc,0.7,0.66,15.0,1.0,binary:logistic,0.70798992065,1,0.85
200,0.55,0.0036,auc,0.95,0.7,10.0,2.0,binary:logistic,0.714087661428,1,0.9
201,0.6,0.0017,auc,0.75,0.42,22.0,1.0,binary:logistic,0.702805872891,1,0.8
202,0.5,0.0014,auc,0.65,0.39,21.0,2.0,binary:logistic,0.70431264386,1,0.95
203,0.7,0.0048,auc,0.7,0.63,12.0,1.0,binary:logistic,0.712262216347,1,0.85
204,0.8,0.0034,auc,0.7,0.56,11.0,2.0,binary:logistic,0.712734926739,1,0.9
205,0.55,0.0044,auc,1.0,0.5,16.0,1.0,binary:logistic,0.708192878508,1,0.8
206,0.6,0.0031,auc,0.75,0.45,13.0,1.0,binary:logistic,0.711890133388,1,0.85
207,0.5,0.0021,auc,0.6,0.35,14.0,2.0,binary:logistic,0.709744926553,1,0.9
208,0.65,0.0038,auc,0.75,0.31,10.0,1.0,binary:logistic,0.713714946679,1,0.8
209,0.5,0.0012,auc,0.65,0.54,8.0,1.0,binary:logistic,0.702739391813,1,0.85
210,0.55,0.0041,auc,0.7,0.36,19.0,1.0,binary:logistic,0.705135734551,1,0.8
211,0.5,0.0023,auc,0.8,0.41,11.0,2.0,binary:logistic,0.713824975122,1,0.95
212,0.55,0.0029,auc,0.9,0.26,9.0,1.0,binary:logistic,0.714256250592,1,0.9
213,0.6,0.0028,auc,0.9,0.21,8.0,1.0,binary:logistic,0.713149188571,1,0.95
214,0.9,0.003,auc,0.9,1.5,9.0,2.0,binary:logistic,0.712387807322,1,0.95
215,0.55,0.0026,auc,0.9,0.26,13.0,1.0,binary:logistic,0.712280467498,1,0.9
216,0.5,0.0014,auc,0.95,0.18,9.0,2.0,binary:logistic,0.697930641105,1,1.0
217,0.6,0.0021,auc,0.85,0.23,8.0,1.0,binary:logistic,0.712431284835,1,0.95
218,0.5,0.0019,auc,0.85,0.15,10.0,3.0,binary:logistic,0.711790622554,1,0.9
219,0.7,0.0045,auc,0.8,0.31,18.0,2.0,binary:logistic,0.704372921303,1,0.9
220,0.55,0.0035,auc,0.95,0.11,25.0,1.0,binary:logistic,0.701780234292,1,0.85
221,0.5,0.0009,auc,0.9,1.38,9.0,1.0,binary:logistic,0.697597708558,1,1.0
222,0.95,0.0017,auc,0.8,0.01,8.0,2.0,binary:logistic,0.711169765557,1,0.9
223,0.75,0.005,auc,0.85,0.34,11.0,1.0,binary:logistic,0.71280587781,1,0.8
224,0.55,0.0033,auc,0.85,0.17,12.0,2.0,binary:logistic,0.713142135145,1,0.95
225,0.65,0.0038,auc,0.9,0.28,9.0,1.0,binary:logistic,0.713760068803,1,0.8
226,0.6,0.0052,auc,0.85,0.38,11.0,3.0,binary:logistic,0.713358244588,1,0.85
227,0.5,0.0031,auc,0.75,0.26,10.0,1.0,binary:logistic,0.7133226764,1,1.0
228,0.55,0.0025,auc,0.95,0.21,9.0,2.0,binary:logistic,0.714067575397,1,0.9
229,0.8,0.0023,auc,0.8,0.04,8.0,6.0,binary:logistic,0.712375604106,1,0.85
230,1.0,0.0043,auc,0.8,0.48,23.0,1.0,binary:logistic,0.699039513893,1,0.8
231,0.5,0.0082,auc,0.9,0.33,13.0,1.0,binary:logistic,0.711752207892,1,0.9
232,0.6,0.0046,auc,0.95,0.12,12.0,2.0,binary:logistic,0.712691839542,1,0.95
233,0.55,0.0005,auc,0.75,0.41,14.0,1.0,binary:logistic,0.704992569381,1,0.9
234,0.5,0.0028,auc,0.8,0.45,11.0,1.0,binary:logistic,0.714003009189,1,0.85
235,0.6,0.0058,auc,0.85,0.23,21.0,2.0,binary:logistic,0.704521255355,1,0.85
236,0.65,0.0037,auc,0.9,0.14,20.0,3.0,binary:logistic,0.705303691026,1,0.8
237,0.7,0.0001,auc,0.7,0.58,10.0,1.0,binary:logistic,0.698116375858,1,0.95
238,0.55,0.0048,auc,0.85,0.3,17.0,2.0,binary:logistic,0.707304507544,1,0.9
239,0.5,0.0053,auc,0.75,0.73,8.0,1.0,binary:logistic,0.713865353058,1,0.8
240,0.55,0.0012,auc,0.8,0.08,10.0,1.0,binary:logistic,0.703827349564,1,1.0
241,0.65,0.0015,auc,0.95,0.19,9.0,2.0,binary:logistic,0.712568814723,1,0.75
242,0.5,0.0096,auc,0.9,0.81,12.0,1.0,binary:logistic,0.712454359913,1,0.85
243,0.55,0.0035,auc,0.7,0.04,11.0,1.0,binary:logistic,0.714060851877,1,0.85
244,0.6,0.0042,auc,0.65,0.01,8.0,2.0,binary:logistic,0.713722853146,1,0.9
245,0.5,0.005,auc,0.75,0.26,12.0,1.0,binary:logistic,0.713004995561,1,0.8
246,0.5,0.006,auc,0.85,0.37,16.0,2.0,binary:logistic,0.709239669644,1,0.5
247,0.6,0.0018,auc,0.8,0.48,24.0,3.0,binary:logistic,0.705608825751,1,0.75
248,0.85,0.0069,auc,1.0,0.62,15.0,1.0,binary:logistic,0.7067704256,1,0.95
249,0.55,0.0029,auc,0.95,0.17,10.0,1.0,binary:logistic,0.714195305648,1,0.85
250,0.75,0.0065,auc,0.75,0.69,9.0,2.0,binary:logistic,0.713223468377,1,0.8
251,0.55,0.0033,auc,0.9,0.4,13.0,1.0,binary:logistic,0.712041231298,1,0.9
252,0.5,0.0026,auc,0.85,0.12,14.0,6.0,binary:logistic,0.711821149958,1,0.8
253,0.6,0.0021,auc,0.75,0.33,8.0,2.0,binary:logistic,0.705303906073,1,1.0
254,0.65,0.0046,auc,0.7,0.44,11.0,1.0,binary:logistic,0.713008249612,1,0.95
255,0.7,0.004,auc,0.8,0.24,9.0,1.0,binary:logistic,0.713665226783,1,0.85
256,0.5,0.0087,auc,0.85,0.28,10.0,1.0,binary:logistic,0.714142167754,1,0.9
257,0.55,0.0036,auc,0.95,0.65,10.0,1.0,binary:logistic,0.714314222274,1,0.85
258,0.55,0.0036,auc,0.95,0.77,11.0,1.0,binary:logistic,0.713872039494,1,0.85
259,0.55,0.0032,auc,1.0,0.88,10.0,1.0,binary:logistic,0.714087296252,1,0.85
260,0.5,0.0039,auc,1.0,0.84,9.0,1.0,binary:logistic,0.714346923983,1,0.9
261,0.5,0.0042,auc,1.0,0.91,9.0,1.0,binary:logistic,0.714211542665,1,0.9
262,0.55,0.0031,auc,1.0,0.83,8.0,1.0,binary:logistic,0.71343264228,1,0.95
263,0.5,0.0025,auc,1.0,0.99,10.0,1.0,binary:logistic,0.711992136754,1,0.9
264,0.6,0.0037,auc,0.95,1.03,12.0,1.0,binary:logistic,0.712620445807,1,0.95
265,0.55,0.0023,auc,1.0,0.85,11.0,1.0,binary:logistic,0.711641666467,1,0.95
266,0.5,0.0039,auc,0.95,1.11,8.0,1.0,binary:logistic,0.713977766511,1,0.9
267,0.6,0.0044,auc,1.0,0.78,10.0,1.0,binary:logistic,0.713702579248,1,0.95
268,0.55,0.0027,auc,0.95,0.95,11.0,1.0,binary:logistic,0.70974100334,1,1.0
269,0.5,0.0034,auc,0.95,0.72,9.0,1.0,binary:logistic,0.711737016185,1,0.9
270,0.55,0.0049,auc,1.0,0.75,8.0,1.0,binary:logistic,0.714171230877,1,0.9
271,0.5,0.0029,auc,0.95,0.66,12.0,1.0,binary:logistic,0.713239548088,1,0.85
272,0.55,0.0044,auc,0.9,0.89,11.0,2.0,binary:logistic,0.713553251488,1,0.9
273,0.5,0.0054,auc,1.0,1.17,10.0,1.0,binary:logistic,0.713028657732,1,1.0
274,0.6,0.0047,auc,0.9,0.93,9.0,2.0,binary:logistic,0.713775333699,1,0.85
275,0.55,0.0035,auc,1.0,0.8,8.0,1.0,binary:logistic,0.713930945327,1,0.9
276,0.5,0.002,auc,0.95,0.98,13.0,1.0,binary:logistic,0.711872135232,1,0.95
277,0.6,0.0038,auc,0.95,0.6,9.0,2.0,binary:logistic,0.714042543211,1,0.9
278,0.55,0.003,auc,0.9,1.05,12.0,1.0,binary:logistic,0.711514771429,1,0.85
279,0.5,0.0062,auc,0.9,0.7,10.0,1.0,binary:logistic,0.71412176755,1,0.85
280,0.65,0.0024,auc,0.95,0.67,11.0,2.0,binary:logistic,0.711940477427,1,1.0
281,0.5,0.0051,auc,1.0,0.87,9.0,1.0,binary:logistic,0.714006069277,1,0.95
282,0.6,0.0041,auc,1.0,0.83,10.0,1.0,binary:logistic,0.713782752606,1,0.9
283,0.55,0.0018,auc,0.95,0.55,8.0,2.0,binary:logistic,0.712042883592,1,0.9
284,0.5,0.0048,auc,0.9,0.57,12.0,1.0,binary:logistic,0.712620769178,1,0.95
285,0.55,0.0056,auc,0.9,0.5,11.0,1.0,binary:logistic,0.713734652052,1,0.85
286,0.5,0.0033,auc,0.95,1.09,13.0,2.0,binary:logistic,0.709829644976,1,1.0
287,0.6,0.0028,auc,1.0,0.63,9.0,1.0,binary:logistic,0.713993641734,1,0.85
288,0.55,0.0039,auc,0.9,0.72,11.0,1.0,binary:logistic,0.713455170478,1,0.95
289,0.5,0.0059,auc,0.95,0.76,10.0,2.0,binary:logistic,0.71382779544,1,0.8
290,0.6,0.0022,auc,0.9,1.2,8.0,1.0,binary:logistic,0.712725357663,1,0.85
291,0.65,0.0045,auc,0.95,0.64,10.0,1.0,binary:logistic,0.713790928983,1,0.9
292,0.55,0.0036,auc,1.0,0.96,18.0,2.0,binary:logistic,0.705902318967,1,0.9
293,0.5,0.0007,auc,0.95,0.52,9.0,1.0,binary:logistic,0.703659427569,1,0.8
294,0.5,0.0043,auc,0.9,0.68,8.0,1.0,binary:logistic,0.710718145086,1,0.95
295,0.55,0.0052,auc,0.85,0.44,12.0,2.0,binary:logistic,0.712932422996,1,0.85
296,0.5,0.0031,auc,1.0,0.58,9.0,1.0,binary:logistic,0.714206204857,1,0.8
297,0.65,0.0011,auc,1.0,1.02,13.0,1.0,binary:logistic,0.703166305373,1,1.0
298,0.6,0.0033,auc,0.9,0.82,14.0,2.0,binary:logistic,0.710228649611,1,0.85
299,0.55,0.0041,auc,0.85,0.86,10.0,1.0,binary:logistic,0.714196020993,1,0.9
